filename,label
1.png,ouIo
2.png,mwIki
3.png,0ZTtRr
4.png,KQebQ
5.png,d4niD
6.png,txDhA7
7.png,VXk5L
8.png,md0bn
9.png,jaQ2
10.png,d1LHUQ
11.png,ghn5kX
12.png,dN3L
13.png,uaMB
14.png,0RQO
15.png,CmmrjM
16.png,U0d4
17.png,0HrnJ
18.png,0K5pu
19.png,i7nZ
20.png,LC1jLP
21.png,xdTfA
22.png,g6zjj
23.png,LxnuM
24.png,0qAW
25.png,UqKU
26.png,Hg5a
27.png,ywL3DG
28.png,FcILd8
29.png,9L7H50
30.png,aiIqz
31.png,PRnxxu
32.png,ANFf
33.png,aJXX
34.png,Nu5Bfr
35.png,r9A0qm
36.png,0ydM
37.png,bkT5
38.png,gAFE7Q
39.png,wS4Q
40.png,BAO2E5
41.png,9arXN
42.png,msQF
43.png,H6GvQ
44.png,ANSEO
45.png,34Ev
46.png,YuKw3
47.png,ySIf
48.png,JIp3
49.png,aInhw
50.png,HIAxru
51.png,GmBTHg
52.png,21OO
53.png,eumK2T
54.png,msYNA7
55.png,VsRqQ
56.png,RuKv
57.png,VNmEYg
58.png,4SSXdF
59.png,kNfN
60.png,CSjw
61.png,Lxb0
62.png,IsPb0
63.png,rNSt
64.png,h1SaHI
65.png,Dcmw8
66.png,2K94AX
67.png,UdxV
68.png,OMR5
69.png,Ibzm
70.png,qPDmD
71.png,ZIPFI
72.png,IIIFZW
73.png,XFe3
74.png,IxkW
75.png,ogrnOU
76.png,3NRa
77.png,Xb1z
78.png,H3nJ
79.png,Pke8
80.png,haLa
81.png,tnnO
82.png,3qmFP
83.png,r6M6
84.png,6Bww6
85.png,fGFngU
86.png,MxLt
87.png,aNEupp
88.png,rMu7
89.png,EUXG2
90.png,2LvF3E
91.png,Ls9B96
92.png,BAdhNH
93.png,693aW
94.png,vOEI39
95.png,Jr0Vc
96.png,5qcf
97.png,DKCxj
98.png,NANH7K
99.png,a6Be
100.png,Xmsu
101.png,kwQ1Xb
102.png,6TkQrr
103.png,ZpeS
104.png,jbqJF
105.png,bL0WD
106.png,J6JJLi
107.png,WEci
108.png,In6u
109.png,AsrNYa
110.png,JGP3
111.png,AyarQi
112.png,hNoLn
113.png,VB9h7
114.png,EnwZj
115.png,SaH0Nt
116.png,Umnn
117.png,o9KP
118.png,apJsY
119.png,kgUqp
120.png,tSbmc
121.png,MRhpT
122.png,LdiNG
123.png,UAcr
124.png,audBNJ
125.png,gEuNTX
126.png,78rXR
127.png,BeCr
128.png,ZkJR
129.png,Jz3F
130.png,LyZgo
131.png,Py2na
132.png,xf2t5
133.png,24mxk
134.png,NnhPnJ
135.png,n5qd
136.png,MzE4vB
137.png,nIszt
138.png,fuNT
139.png,g2JyaX
140.png,subSEL
141.png,q0zS
142.png,svKz
143.png,u5r2
144.png,sauV1
145.png,4nh8rd
146.png,ar7Ep
147.png,c9h5
148.png,75dxei
149.png,wkQL
150.png,zWgox
151.png,U4242K
152.png,bwCsk4
153.png,rGXgT
154.png,R4uNK
155.png,4t76
156.png,Yz6c0I
157.png,71YJI
158.png,vNwG3
159.png,jAyJNQ
160.png,e4SBN4
161.png,zi0u
162.png,hOYO
163.png,4tNknH
164.png,mwDquH
165.png,7suSn
166.png,oeqwb
167.png,3a4p
168.png,31Igd
169.png,uFb4
170.png,R9md
171.png,akoN
172.png,NLY84
173.png,JutE
174.png,jJdim
175.png,rkug
176.png,Zi6y
177.png,vuwrQ
178.png,TojpNR
179.png,qLafI
180.png,nn2WR
181.png,cDA4
182.png,GunJ
183.png,NnBAw
184.png,TZwQ
185.png,nsLMu
186.png,PnnPSv
187.png,KHuRH
188.png,CToG
189.png,bDTcQn
190.png,na450
191.png,Pdtm9
192.png,mh9R
193.png,sdpr5
194.png,Xu8a
195.png,TbGs1T
196.png,cdgE
197.png,yjo2NB
198.png,J5r8T
199.png,aNmr
200.png,6LsI
201.png,mEr3
202.png,623x
203.png,57ncX5
204.png,eTN29
205.png,sawSn
206.png,BHUpdz
207.png,quxi
208.png,ar2fN
209.png,nw3v
210.png,CZoO
211.png,SaT2w
212.png,2Cor
213.png,DybBXC
214.png,dilx
215.png,FkM35d
216.png,t0DEB
217.png,7vWVCb
218.png,ddQOK
219.png,Tz74Ss
220.png,dqAIbG
221.png,NsSk
222.png,mRMJ
223.png,CnLA
224.png,zcWDR
225.png,Cetmbu
226.png,9IYSZ
227.png,Bk7m9r
228.png,ZCGK
229.png,4gmJJ2
230.png,bMmVsQ
231.png,im3K
232.png,6empu
233.png,GF4I
234.png,Nsrbtk
235.png,R0sGt8
236.png,i5nsw
237.png,sKI4w
238.png,hepMsp
239.png,Rf2jXJ
240.png,diPN5K
241.png,AUGT
242.png,ui0n
243.png,NPjf
244.png,3n3phO
245.png,I4axzN
246.png,dfcTr
247.png,IKMOHq
248.png,k1cFN
249.png,kQ2i
250.png,ptB8Zg
251.png,fk7nP
252.png,QzSIB
253.png,BHf1GK
254.png,hgigfP
255.png,qpD6C
256.png,mFjdDy
257.png,EPxhE
258.png,tA2gN
259.png,IctNj
260.png,RQyN
261.png,i0ISkz
262.png,ry4sL
263.png,U2vQF
264.png,B7Wc
265.png,fseNz
266.png,Z8wPm
267.png,pa4Bp
268.png,miutF
269.png,7THqXa
270.png,xaNrrm
271.png,ZgoS
272.png,sYOuA
273.png,6wT1
274.png,RoLd9n
275.png,pu9FsZ
276.png,KB9T
277.png,k3uj0
278.png,mjjPTq
279.png,AgFy
280.png,Jij5J
281.png,P3ns
282.png,7CaK
283.png,ECDbr
284.png,FexmUb
285.png,NJ1n6
286.png,0zyG
287.png,kZnMr
288.png,nmMD
289.png,r05L
290.png,WgN1
291.png,wr71
292.png,fiWgFn
293.png,O3vk
294.png,VmSzC7
295.png,IJdGq
296.png,4HtgG
297.png,p1nFNp
298.png,AIbgI
299.png,EXFSO
300.png,cknmL
301.png,F7DD
302.png,mY6aM
303.png,d1JC5
304.png,fkrVr6
305.png,qUsEnc
306.png,LwoSXu
307.png,vfr3a
308.png,JcIa
309.png,aQLL2
310.png,B1xy5
311.png,LDIuCU
312.png,h2JraF
313.png,SIAfm
314.png,QqPn
315.png,nZmn
316.png,NnymA
317.png,Rb3835
318.png,oDMsfM
319.png,rkoT
320.png,xLoY
321.png,N2E0h
322.png,CViM
323.png,eGfx
324.png,r0KV
325.png,BJbVjU
326.png,MtMd9
327.png,xM3au
328.png,ffekY3
329.png,ToPRmU
330.png,e7J9DS
331.png,VH4p
332.png,hk2gH
333.png,6euu
334.png,mXU5bN
335.png,KjRnf
336.png,pgQyx4
337.png,rs1F
338.png,JrAr
339.png,NZfKEX
340.png,fSo99
341.png,Q08YW
342.png,rTCo
343.png,EPhxfp
344.png,y9rRO
345.png,ar1RS
346.png,IYGm
347.png,aONNGN
348.png,6UuTqx
349.png,mZe8
350.png,LLpT
351.png,0Eze
352.png,WyfaDb
353.png,DiHTj
354.png,C2UoDa
355.png,uR8n
356.png,FtZv2
357.png,tIT3
358.png,iICxZB
359.png,KbocI
360.png,09oyM
361.png,cNME
362.png,nZagm
363.png,KIqb
364.png,rn3I
365.png,znID
366.png,HF07
367.png,RLom
368.png,8ozxa
369.png,twI00
370.png,yrX2
371.png,4eId
372.png,obvx
373.png,9OyXmP
374.png,X4nt
375.png,nmTvRp
376.png,Qeu8
377.png,06FEC
378.png,0yNj5
379.png,OrASv
380.png,5bQP9n
381.png,a8mA
382.png,ZEWtn
383.png,Fs5E
384.png,MOkjI
385.png,14aP
386.png,ZcWIF
387.png,Bk7I
388.png,rwpb
389.png,Xknm
390.png,yPKQX
391.png,mn4zT
392.png,prWwy
393.png,1Uc7v6
394.png,SIZF
395.png,N8fDW
396.png,IcSydb
397.png,UVFI1
398.png,VLumJ
399.png,hH4Gmh
400.png,A24u
401.png,ZeeWN
402.png,fwpc
403.png,nvUaDa
404.png,qqre
405.png,pdqa
406.png,QrCD
407.png,rQhUin
408.png,ztoF3k
409.png,angf9
410.png,MO6tkP
411.png,bQOa9Y
412.png,U6ir
413.png,pXG1
414.png,Hx2Le
415.png,cKWG
416.png,N1uw
417.png,GWocI
418.png,plmd8U
419.png,k0Y4
420.png,awJHqz
421.png,EK2Xii
422.png,m0Ho
423.png,T6TB
424.png,n0oF
425.png,4DGuf
426.png,hTOAy
427.png,UvX4A8
428.png,t5MrFN
429.png,aBu0
430.png,o7QYq
431.png,uFkUw
432.png,XQ5ONt
433.png,2uG6
434.png,OXhW
435.png,FWNn
436.png,AmqLVm
437.png,mpKuZ
438.png,hYDNL
439.png,2H7N
440.png,h5YYr
441.png,nnZWDP
442.png,mzjFPO
443.png,3MNEVB
444.png,r2PIae
445.png,W0jZRu
446.png,iBYj
447.png,QYAmNA
448.png,bmtsAP
449.png,Jf9f
450.png,E1OYA
451.png,oWNY2
452.png,T7wr
453.png,nZcGv
454.png,uBu6Cv
455.png,r2D8
456.png,CSYo
457.png,tKmJ
458.png,dHhea
459.png,6CWta4
460.png,uVOrB
461.png,Q9cJF
462.png,TJQo
463.png,CjFV
464.png,Ojeq
465.png,Lu7Q
466.png,wPmCN
467.png,TJWBfm
468.png,Budm
469.png,oWRR
470.png,jez22
471.png,0fHzt
472.png,QqK3
473.png,QXsv
474.png,upo4
475.png,psnG5s
476.png,EnzVOO
477.png,HzoVm
478.png,5bwN
479.png,L3RA8
480.png,NRgXA
481.png,xEip
482.png,8fVDKH
483.png,1qUnsi
484.png,6hez4
485.png,Ozab
486.png,g2qh
487.png,Phaio5
488.png,8N4A
489.png,xCg9W
490.png,p1FDNu
491.png,an7if
492.png,UHVR
493.png,tuVw
494.png,vzit
495.png,0nwoaT
496.png,xhNnJk
497.png,s99Z
498.png,Zg7RQu
499.png,KNs8Z
500.png,aARutk
